{"cameraMode":{"drawMode":0,"name":"Shaded","section":"Shading Mode"},"sceneLighting":true,"audioPlay":false,"sceneViewState":{"m_AlwaysRefresh":false,"showFog":true,"showSkybox":true,"showFlares":true,"showImageEffects":true,"showParticleSystems":true,"showVisualEffectGraphs":true,"m_FxEnabled":true},"in2DMode":false,"pivot":{"x":5.16886568069458,"y":0.22334370017051698,"z":15.718560218811036},"rotation":{"x":-0.0886649489402771,"y":-0.021814363077282907,"z":0.0019305793102830649,"w":-0.9957380294799805},"size":10.822826385498047,"orthographic":false}